{"v":"4.6.9","fr":28,"ip":0,"op":70,"w":144,"h":144,"nm":"For_animation 2","ddd":0,"assets":[],"layers":[{"ddd":0,"ind":1,"ty":4,"nm":"handle2","ks":{"o":{"a":0,"k":100},"r":{"a":0,"k":92},"p":{"a":1,"k":[{"i":{"x":0.667,"y":0.667},"o":{"x":0.333,"y":0.333},"n":"0p667_0p667_0p333_0p333","t":46.01,"s":[72,67.906,0],"e":[72,67.906,0],"to":[0,0,0],"ti":[0,0,0]},{"i":{"x":0.667,"y":1},"o":{"x":0.333,"y":0},"n":"0p667_1_0p333_0","t":48.01,"s":[72,67.906,0],"e":[72,73.938,0],"to":[0,1.00520837306976,0],"ti":[0,-0.6875,0]},{"i":{"x":0.667,"y":1},"o":{"x":0.333,"y":0},"n":"0p667_1_0p333_0","t":55.01,"s":[72,73.938,0],"e":[72,72.031,0],"to":[0,0.6875,0],"ti":[0,0.31770834326744,0]},{"t":57.009765625}]},"a":{"a":0,"k":[7.639,16.821,0]},"s":{"a":0,"k":[110.147,84.081,100]}},"ao":0,"shapes":[{"ty":"gr","it":[{"ind":0,"ty":"sh","ix":1,"ks":{"a":1,"k":[{"i":{"x":0.667,"y":1},"o":{"x":0.333,"y":0},"n":"0p667_1_0p333_0","t":46.01,"s":[{"i":[[0,0],[0,0]],"o":[[0,0],[0,0]],"v":[[13.098,9.697],[13.169,9.405]],"c":false}],"e":[{"i":[[0,0],[0,0]],"o":[[0,0],[0,0]],"v":[[13.098,9.697],[18.893,0.982]],"c":false}]},{"i":{"x":0.667,"y":1},"o":{"x":0.333,"y":0},"n":"0p667_1_0p333_0","t":51.01,"s":[{"i":[[0,0],[0,0]],"o":[[0,0],[0,0]],"v":[[13.098,9.697],[18.893,0.982]],"c":false}],"e":[{"i":[[0,0],[0,0]],"o":[[0,0],[0,0]],"v":[[13.098,9.697],[18.212,1.947]],"c":false}]},{"t":53.009765625}]},"nm":"Path 1","mn":"ADBE Vector Shape - Group"},{"ty":"st","c":{"a":0,"k":[0,0,0,1]},"o":{"a":0,"k":100},"w":{"a":0,"k":5},"lc":2,"lj":1,"ml":4,"nm":"Stroke 1","mn":"ADBE Vector Graphic - Stroke"},{"ty":"tr","p":{"a":0,"k":[7.676,16.794],"ix":2},"a":{"a":0,"k":[7.676,16.794],"ix":1},"s":{"a":0,"k":[100,100],"ix":3},"r":{"a":0,"k":0,"ix":6},"o":{"a":0,"k":100,"ix":7},"sk":{"a":0,"k":0,"ix":4},"sa":{"a":0,"k":0,"ix":5},"nm":"Transform"}],"nm":"Shape 1","np":3,"cix":2,"ix":1,"mn":"ADBE Vector Group"}],"ip":46,"op":70,"st":106,"bm":0,"sr":1},{"ddd":0,"ind":2,"ty":4,"nm":"handle","ks":{"o":{"a":0,"k":100},"r":{"a":1,"k":[{"i":{"x":[0.667],"y":[0.667]},"o":{"x":[0.167],"y":[0.167]},"n":["0p667_0p667_0p167_0p167"],"t":0,"s":[92],"e":[92]},{"i":{"x":[0.667],"y":[0.941]},"o":{"x":[0.333],"y":[0]},"n":["0p667_0p941_0p333_0"],"t":5,"s":[92],"e":[452]},{"i":{"x":[0.833],"y":[1]},"o":{"x":[0.167],"y":[0.062]},"n":["0p833_1_0p167_0p062"],"t":17,"s":[452],"e":[495]},{"t":20}]},"p":{"a":1,"k":[{"i":{"x":0.667,"y":0.667},"o":{"x":0.167,"y":0.167},"n":"0p667_0p667_0p167_0p167","t":0,"s":[72,72.031,0],"e":[72,72.031,0],"to":[0,0,0],"ti":[0,0,0]},{"i":{"x":0.667,"y":1},"o":{"x":0.333,"y":0},"n":"0p667_1_0p333_0","t":8,"s":[72,72.031,0],"e":[72,62.094,0],"to":[0,-1.65625,0],"ti":[0,0.6875,0]},{"i":{"x":0.667,"y":1},"o":{"x":0.167,"y":0},"n":"0p667_1_0p167_0","t":12,"s":[72,62.094,0],"e":[72,67.906,0],"to":[0,-0.6875,0],"ti":[0,-2.34375,0]},{"i":{"x":0.667,"y":1},"o":{"x":0.167,"y":0},"n":"0p667_1_0p167_0","t":15,"s":[72,67.906,0],"e":[72,76.156,0],"to":[0,2.34375,0],"ti":[0,-1.375,0]},{"t":18}]},"a":{"a":0,"k":[7.639,16.821,0]},"s":{"a":0,"k":[110.147,84.081,100]}},"ao":0,"shapes":[{"ty":"gr","it":[{"ind":0,"ty":"sh","ix":1,"ks":{"a":1,"k":[{"i":{"x":0.833,"y":0.833},"o":{"x":0.167,"y":0.167},"n":"0p833_0p833_0p167_0p167","t":10,"s":[{"i":[[0,0],[0,0]],"o":[[0,0],[0,0]],"v":[[13.098,9.697],[18.167,2.036]],"c":false}],"e":[{"i":[[0,0],[0,0]],"o":[[0,0],[0,0]],"v":[[13.098,9.697],[13.169,9.405]],"c":false}]},{"t":14}]},"nm":"Path 1","mn":"ADBE Vector Shape - Group"},{"ty":"st","c":{"a":0,"k":[0,0,0,1]},"o":{"a":0,"k":100},"w":{"a":0,"k":5},"lc":2,"lj":1,"ml":4,"nm":"Stroke 1","mn":"ADBE Vector Graphic - Stroke"},{"ty":"tr","p":{"a":0,"k":[7.676,16.794],"ix":2},"a":{"a":0,"k":[7.676,16.794],"ix":1},"s":{"a":0,"k":[100,100],"ix":3},"r":{"a":0,"k":0,"ix":6},"o":{"a":0,"k":100,"ix":7},"sk":{"a":0,"k":0,"ix":4},"sa":{"a":0,"k":0,"ix":5},"nm":"Transform"}],"nm":"Shape 1","np":3,"cix":2,"ix":1,"mn":"ADBE Vector Group"}],"ip":0,"op":17,"st":61,"bm":0,"sr":1},{"ddd":0,"ind":3,"ty":4,"nm":"mapmarker1","ks":{"o":{"a":0,"k":100},"r":{"a":0,"k":0},"p":{"a":1,"k":[{"i":{"x":0.667,"y":0.667},"o":{"x":0.167,"y":0.167},"n":"0p667_0p667_0p167_0p167","t":0,"s":[72,71.891,0],"e":[72,71.891,0],"to":[0,0,0],"ti":[0,0,0]},{"i":{"x":0.667,"y":1},"o":{"x":0.333,"y":0},"n":"0p667_1_0p333_0","t":6,"s":[72,71.891,0],"e":[72,67.641,0],"to":[0,-0.70833331346512,0],"ti":[0,0.70833331346512,0]},{"i":{"x":0.667,"y":0.667},"o":{"x":0.333,"y":0.333},"n":"0p667_0p667_0p333_0p333","t":10,"s":[72,67.641,0],"e":[72,67.641,0],"to":[0,0,0],"ti":[0,0,0]},{"i":{"x":0.667,"y":1},"o":{"x":0.333,"y":0},"n":"0p667_1_0p333_0","t":15,"s":[72,67.641,0],"e":[72,75.391,0],"to":[0,1.29166662693024,0],"ti":[0,-0.84375,0]},{"i":{"x":0.667,"y":1},"o":{"x":0.333,"y":0},"n":"0p667_1_0p333_0","t":18,"s":[72,75.391,0],"e":[72,72.703,0],"to":[0,0.84375,0],"ti":[0,0.44791665673256,0]},{"i":{"x":0.667,"y":0.667},"o":{"x":0.167,"y":0.167},"n":"0p667_0p667_0p167_0p167","t":21,"s":[72,72.703,0],"e":[72,72.703,0],"to":[0,0,0],"ti":[0,0,0]},{"i":{"x":0.667,"y":1},"o":{"x":0.167,"y":0},"n":"0p667_1_0p167_0","t":39,"s":[72,72.703,0],"e":[72,75.391,0],"to":[0,0.44791665673256,0],"ti":[0,0.84375,0]},{"i":{"x":0.667,"y":1},"o":{"x":0.333,"y":0},"n":"0p667_1_0p333_0","t":42,"s":[72,75.391,0],"e":[72,67.641,0],"to":[0,-0.84375,0],"ti":[0,1.29166662693024,0]},{"i":{"x":0.667,"y":0.667},"o":{"x":0.333,"y":0.333},"n":"0p667_0p667_0p333_0p333","t":45,"s":[72,67.641,0],"e":[72,67.641,0],"to":[0,0,0],"ti":[0,0,0]},{"i":{"x":0.667,"y":1},"o":{"x":0.333,"y":0},"n":"0p667_1_0p333_0","t":51.02,"s":[72,67.641,0],"e":[72,73.797,0],"to":[0,1.02604162693024,0],"ti":[0,-0.70833331346512,0]},{"i":{"x":0.667,"y":1},"o":{"x":0.333,"y":0},"n":"0p667_1_0p333_0","t":55.02,"s":[72,73.797,0],"e":[72,71.891,0],"to":[0,0.70833331346512,0],"ti":[0,0.31770834326744,0]},{"i":{"x":0.833,"y":0.833},"o":{"x":0.333,"y":0.333},"n":"0p833_0p833_0p333_0p333","t":57.02,"s":[72,71.891,0],"e":[72,71.891,0],"to":[0,0,0],"ti":[0,0,0]},{"t":70.009765625}]},"a":{"a":0,"k":[0,0,0]},"s":{"a":1,"k":[{"i":{"x":[0.667,0.667,0.667],"y":[1,1,0.667]},"o":{"x":[0.333,0.333,0.333],"y":[0,0,0.333]},"n":["0p667_1_0p333_0","0p667_1_0p333_0","0p667_0p667_0p333_0p333"],"t":6,"s":[100,100,100],"e":[115,115,100]},{"i":{"x":[0.667,0.667,0.667],"y":[0.667,0.667,0.667]},"o":{"x":[0.333,0.333,0.333],"y":[0.333,0.333,0.333]},"n":["0p667_0p667_0p333_0p333","0p667_0p667_0p333_0p333","0p667_0p667_0p333_0p333"],"t":11,"s":[115,115,100],"e":[115,115,100]},{"i":{"x":[0.667,0.667,0.667],"y":[1,1,0.667]},"o":{"x":[0.333,0.333,0.333],"y":[0,0,0.333]},"n":["0p667_1_0p333_0","0p667_1_0p333_0","0p667_0p667_0p333_0p333"],"t":17,"s":[115,115,100],"e":[100,100,100]},{"i":{"x":[0.667,0.667,0.667],"y":[0.667,0.667,0.667]},"o":{"x":[0.167,0.167,0.167],"y":[0.167,0.167,0.167]},"n":["0p667_0p667_0p167_0p167","0p667_0p667_0p167_0p167","0p667_0p667_0p167_0p167"],"t":19,"s":[100,100,100],"e":[100,100,100]},{"i":{"x":[0.667,0.667,0.667],"y":[1,1,0.667]},"o":{"x":[0.167,0.167,0.167],"y":[0,0,0.167]},"n":["0p667_1_0p167_0","0p667_1_0p167_0","0p667_0p667_0p167_0p167"],"t":41,"s":[100,100,100],"e":[115,115,100]},{"i":{"x":[0.667,0.667,0.667],"y":[0.667,0.667,0.667]},"o":{"x":[0.333,0.333,0.333],"y":[0.333,0.333,0.333]},"n":["0p667_0p667_0p333_0p333","0p667_0p667_0p333_0p333","0p667_0p667_0p333_0p333"],"t":43,"s":[115,115,100],"e":[115,115,100]},{"i":{"x":[0.833,0.833,0.833],"y":[1,1,0.833]},"o":{"x":[0.333,0.333,0.333],"y":[0,0,0.333]},"n":["0p833_1_0p333_0","0p833_1_0p333_0","0p833_0p833_0p333_0p333"],"t":46.01,"s":[115,115,100],"e":[100,100,100]},{"t":51.009765625}]}},"ao":0,"hasMask":true,"masksProperties":[{"inv":false,"mode":"s","pt":{"a":1,"k":[{"i":{"x":0.667,"y":1},"o":{"x":0.167,"y":0.167},"n":"0p667_1_0p167_0p167","t":0,"s":[{"i":[[0.071,0],[0.114,-2.959],[-3.03,-0.117],[-0.117,3.03],[3.03,0.118]],"o":[[-2.936,0],[-0.117,3.03],[3.025,0.117],[0.117,-3.03],[-0.072,-0.003]],"v":[[0.123,-5.109],[-5.371,0.178],[-0.088,5.887],[5.621,0.604],[0.338,-5.105]],"c":true}],"e":[{"i":[[0.071,0],[0.114,-2.959],[-3.03,-0.117],[-0.117,3.03],[3.03,0.118]],"o":[[-2.936,0],[-0.117,3.03],[3.025,0.117],[0.117,-3.03],[-0.072,-0.003]],"v":[[0.123,-5.109],[-5.371,0.178],[-0.088,5.887],[5.621,0.604],[0.338,-5.105]],"c":true}]},{"i":{"x":0.667,"y":1},"o":{"x":0.333,"y":0},"n":"0p667_1_0p333_0","t":6,"s":[{"i":[[0.071,0],[0.114,-2.959],[-3.03,-0.117],[-0.117,3.03],[3.03,0.118]],"o":[[-2.936,0],[-0.117,3.03],[3.025,0.117],[0.117,-3.03],[-0.072,-0.003]],"v":[[0.123,-5.109],[-5.371,0.178],[-0.088,5.887],[5.621,0.604],[0.338,-5.105]],"c":true}],"e":[{"i":[[0.061,0],[0.098,-2.527],[-2.588,-0.1],[-0.1,2.588],[2.588,0.101]],"o":[[-2.507,0],[-0.1,2.588],[2.583,0.1],[0.1,-2.588],[-0.061,-0.002]],"v":[[0.123,-4.298],[-4.569,0.217],[-0.057,5.093],[4.819,0.581],[0.307,-4.295]],"c":true}]},{"i":{"x":0.667,"y":1},"o":{"x":0.333,"y":0},"n":"0p667_1_0p333_0","t":10,"s":[{"i":[[0.061,0],[0.098,-2.527],[-2.588,-0.1],[-0.1,2.588],[2.588,0.101]],"o":[[-2.507,0],[-0.1,2.588],[2.583,0.1],[0.1,-2.588],[-0.061,-0.002]],"v":[[0.123,-4.298],[-4.569,0.217],[-0.057,5.093],[4.819,0.581],[0.307,-4.295]],"c":true}],"e":[{"i":[[0.061,0],[0.098,-2.527],[-2.588,-0.1],[-0.1,2.588],[2.588,0.101]],"o":[[-2.507,0],[-0.1,2.588],[2.583,0.1],[0.1,-2.588],[-0.061,-0.002]],"v":[[0.123,-4.298],[-4.569,0.217],[-0.057,5.093],[4.819,0.581],[0.307,-4.295]],"c":true}]},{"i":{"x":0.667,"y":1},"o":{"x":0.333,"y":0},"n":"0p667_1_0p333_0","t":17,"s":[{"i":[[0.061,0],[0.098,-2.527],[-2.588,-0.1],[-0.1,2.588],[2.588,0.101]],"o":[[-2.507,0],[-0.1,2.588],[2.583,0.1],[0.1,-2.588],[-0.061,-0.002]],"v":[[0.123,-4.298],[-4.569,0.217],[-0.057,5.093],[4.819,0.581],[0.307,-4.295]],"c":true}],"e":[{"i":[[0.071,0],[0.114,-2.959],[-3.03,-0.117],[-0.117,3.03],[3.03,0.118]],"o":[[-2.936,0],[-0.117,3.03],[3.025,0.117],[0.117,-3.03],[-0.072,-0.003]],"v":[[0.117,-6.203],[-5.377,-0.916],[-0.094,4.793],[5.615,-0.49],[0.332,-6.199]],"c":true}]},{"i":{"x":0.667,"y":1},"o":{"x":0.333,"y":0},"n":"0p667_1_0p333_0","t":20,"s":[{"i":[[0.071,0],[0.114,-2.959],[-3.03,-0.117],[-0.117,3.03],[3.03,0.118]],"o":[[-2.936,0],[-0.117,3.03],[3.025,0.117],[0.117,-3.03],[-0.072,-0.003]],"v":[[0.117,-6.203],[-5.377,-0.916],[-0.094,4.793],[5.615,-0.49],[0.332,-6.199]],"c":true}],"e":[{"i":[[0.071,0],[0.114,-2.959],[-3.03,-0.117],[-0.117,3.03],[3.03,0.118]],"o":[[-2.936,0],[-0.117,3.03],[3.025,0.117],[0.117,-3.03],[-0.072,-0.003]],"v":[[0.12,-7.672],[-5.374,-2.385],[-0.09,3.324],[5.619,-1.959],[0.335,-7.668]],"c":true}]},{"i":{"x":0.667,"y":1},"o":{"x":0.167,"y":0},"n":"0p667_1_0p167_0","t":22,"s":[{"i":[[0.071,0],[0.114,-2.959],[-3.03,-0.117],[-0.117,3.03],[3.03,0.118]],"o":[[-2.936,0],[-0.117,3.03],[3.025,0.117],[0.117,-3.03],[-0.072,-0.003]],"v":[[0.12,-7.672],[-5.374,-2.385],[-0.09,3.324],[5.619,-1.959],[0.335,-7.668]],"c":true}],"e":[{"i":[[0.071,0],[0.114,-2.959],[-3.03,-0.117],[-0.117,3.03],[3.03,0.118]],"o":[[-2.936,0],[-0.117,3.03],[3.025,0.117],[0.117,-3.03],[-0.072,-0.003]],"v":[[0.12,-7.672],[-5.374,-2.385],[-0.09,3.324],[5.619,-1.959],[0.335,-7.668]],"c":true}]},{"i":{"x":0.667,"y":1},"o":{"x":0.167,"y":0},"n":"0p667_1_0p167_0","t":38,"s":[{"i":[[0.071,0],[0.114,-2.959],[-3.03,-0.117],[-0.117,3.03],[3.03,0.118]],"o":[[-2.936,0],[-0.117,3.03],[3.025,0.117],[0.117,-3.03],[-0.072,-0.003]],"v":[[0.12,-7.672],[-5.374,-2.385],[-0.09,3.324],[5.619,-1.959],[0.335,-7.668]],"c":true}],"e":[{"i":[[0.071,0],[0.114,-2.959],[-3.03,-0.117],[-0.117,3.03],[3.03,0.118]],"o":[[-2.936,0],[-0.117,3.03],[3.025,0.117],[0.117,-3.03],[-0.072,-0.003]],"v":[[0.117,-6.203],[-5.377,-0.916],[-0.094,4.793],[5.615,-0.49],[0.332,-6.199]],"c":true}]},{"i":{"x":0.667,"y":1},"o":{"x":0.333,"y":0},"n":"0p667_1_0p333_0","t":40,"s":[{"i":[[0.071,0],[0.114,-2.959],[-3.03,-0.117],[-0.117,3.03],[3.03,0.118]],"o":[[-2.936,0],[-0.117,3.03],[3.025,0.117],[0.117,-3.03],[-0.072,-0.003]],"v":[[0.117,-6.203],[-5.377,-0.916],[-0.094,4.793],[5.615,-0.49],[0.332,-6.199]],"c":true}],"e":[{"i":[[0.061,0],[0.098,-2.527],[-2.588,-0.1],[-0.1,2.588],[2.588,0.101]],"o":[[-2.507,0],[-0.1,2.588],[2.583,0.1],[0.1,-2.588],[-0.061,-0.002]],"v":[[0.123,-4.298],[-4.569,0.217],[-0.057,5.093],[4.819,0.581],[0.307,-4.295]],"c":true}]},{"i":{"x":0.667,"y":1},"o":{"x":0.333,"y":0},"n":"0p667_1_0p333_0","t":43,"s":[{"i":[[0.061,0],[0.098,-2.527],[-2.588,-0.1],[-0.1,2.588],[2.588,0.101]],"o":[[-2.507,0],[-0.1,2.588],[2.583,0.1],[0.1,-2.588],[-0.061,-0.002]],"v":[[0.123,-4.298],[-4.569,0.217],[-0.057,5.093],[4.819,0.581],[0.307,-4.295]],"c":true}],"e":[{"i":[[0.061,0],[0.098,-2.527],[-2.588,-0.1],[-0.1,2.588],[2.588,0.101]],"o":[[-2.507,0],[-0.1,2.588],[2.583,0.1],[0.1,-2.588],[-0.061,-0.002]],"v":[[0.123,-4.298],[-4.569,0.217],[-0.057,5.093],[4.819,0.581],[0.307,-4.295]],"c":true}]},{"i":{"x":0.667,"y":1},"o":{"x":0.333,"y":0},"n":"0p667_1_0p333_0","t":47.01,"s":[{"i":[[0.061,0],[0.098,-2.527],[-2.588,-0.1],[-0.1,2.588],[2.588,0.101]],"o":[[-2.507,0],[-0.1,2.588],[2.583,0.1],[0.1,-2.588],[-0.061,-0.002]],"v":[[0.123,-4.298],[-4.569,0.217],[-0.057,5.093],[4.819,0.581],[0.307,-4.295]],"c":true}],"e":[{"i":[[0.071,0],[0.114,-2.959],[-3.03,-0.117],[-0.117,3.03],[3.03,0.118]],"o":[[-2.936,0],[-0.117,3.03],[3.025,0.117],[0.117,-3.03],[-0.072,-0.003]],"v":[[0.123,-5.109],[-5.371,0.178],[-0.088,5.887],[5.621,0.604],[0.338,-5.105]],"c":true}]},{"i":{"x":0.833,"y":0.833},"o":{"x":0.333,"y":0},"n":"0p833_0p833_0p333_0","t":51.01,"s":[{"i":[[0.071,0],[0.114,-2.959],[-3.03,-0.117],[-0.117,3.03],[3.03,0.118]],"o":[[-2.936,0],[-0.117,3.03],[3.025,0.117],[0.117,-3.03],[-0.072,-0.003]],"v":[[0.123,-5.109],[-5.371,0.178],[-0.088,5.887],[5.621,0.604],[0.338,-5.105]],"c":true}],"e":[{"i":[[0.071,0],[0.114,-2.959],[-3.03,-0.117],[-0.117,3.03],[3.03,0.118]],"o":[[-2.936,0],[-0.117,3.03],[3.025,0.117],[0.117,-3.03],[-0.072,-0.003]],"v":[[0.123,-5.109],[-5.371,0.178],[-0.088,5.887],[5.621,0.604],[0.338,-5.105]],"c":true}]},{"t":70.009765625}]},"o":{"a":0,"k":100},"x":{"a":0,"k":0},"nm":"Mask 1"}],"shapes":[{"ty":"gr","it":[{"ind":0,"ty":"sh","ix":1,"ks":{"a":1,"k":[{"i":{"x":0.667,"y":1},"o":{"x":0.333,"y":0},"n":"0p667_1_0p333_0","t":17,"s":[{"i":[[5.799,0],[0,5.799],[-5.799,0],[0,-5.799]],"o":[[-5.799,0],[0,-5.799],[5.799,0],[0,5.799]],"v":[[0,10.5],[-10.5,0],[0,-10.5],[10.5,0]],"c":true}],"e":[{"i":[[2.42,0],[0,6.051],[-6.014,0],[0,-6.051]],"o":[[-2.42,0],[0,-6.051],[6.014,0],[0,6.051]],"v":[[0,14],[-10.889,-3.044],[0,-14],[10.889,-3.044]],"c":true}]},{"i":{"x":0.667,"y":1},"o":{"x":0.167,"y":0},"n":"0p667_1_0p167_0","t":21,"s":[{"i":[[2.42,0],[0,6.051],[-6.014,0],[0,-6.051]],"o":[[-2.42,0],[0,-6.051],[6.014,0],[0,6.051]],"v":[[0,14],[-10.889,-3.044],[0,-14],[10.889,-3.044]],"c":true}],"e":[{"i":[[2.42,0],[0,6.051],[-6.014,0],[0,-6.051]],"o":[[-2.42,0],[0,-6.051],[6.014,0],[0,6.051]],"v":[[0,14],[-10.889,-3.044],[0,-14],[10.889,-3.044]],"c":true}]},{"i":{"x":0.833,"y":1},"o":{"x":0.167,"y":0},"n":"0p833_1_0p167_0","t":39,"s":[{"i":[[2.42,0],[0,6.051],[-6.014,0],[0,-6.051]],"o":[[-2.42,0],[0,-6.051],[6.014,0],[0,6.051]],"v":[[0,14],[-10.889,-3.044],[0,-14],[10.889,-3.044]],"c":true}],"e":[{"i":[[5.799,0],[0,5.799],[-5.799,0],[0,-5.799]],"o":[[-5.799,0],[0,-5.799],[5.799,0],[0,5.799]],"v":[[0,10.5],[-10.5,0],[0,-10.5],[10.5,0]],"c":true}]},{"t":43}]},"nm":"Path 1","mn":"ADBE Vector Shape - Group"},{"ty":"fl","c":{"a":0,"k":[0,0,0,1]},"o":{"a":0,"k":100},"r":1,"nm":"Fill 1","mn":"ADBE Vector Graphic - Fill"},{"ty":"tr","p":{"a":0,"k":[0,0],"ix":2},"a":{"a":0,"k":[0,0],"ix":1},"s":{"a":0,"k":[100,100],"ix":3},"r":{"a":0,"k":0,"ix":6},"o":{"a":0,"k":100,"ix":7},"sk":{"a":0,"k":0,"ix":4},"sa":{"a":0,"k":0,"ix":5},"nm":"Transform"}],"nm":"Shape 1","np":3,"cix":2,"ix":1,"mn":"ADBE Vector Group"}],"ip":0,"op":70,"st":-25,"bm":0,"sr":1}]}